{
    "type": "FeatureCollection",
    "features": [{
            "type": "Feature",
            "properties": {},
            "geometry": {
                "type": "Point",
                "coordinates": [-115.07080078125,
                    38.20365531807149
                ]
            }
        },
        {
            "type": "Feature",
            "properties": {},
            "geometry": {
                "type": "Point",
                "coordinates": [-108.52294921875,
                    37.89219554724437
                ]
            }
        }
    ]
}