{
  "type": "FeatureCollection",
  "features": [{
      "type": "Feature",
      "properties": {},
      "geometry": {
        "type": "Point",
        "coordinates": [-112.4560546875, 47.07012182383309]
      }
    },
    {
      "type": "Feature",
      "properties": {},
      "geometry": {
        "type": "Point",
        "coordinates": [-109.64355468749999, 34.994003757575776]
      }
    },
    {
      "type": "Feature",
      "properties": {},
      "geometry": {
        "type": "Point",
        "coordinates": [-111.796875, 40.44694705960048]
      }
    },
    {
      "type": "Feature",
      "properties": {},
      "geometry": {
        "type": "Point",
        "coordinates": [-102.568359375, 42.032974332441405]
      }
    },
    {
      "type": "Feature",
      "properties": {},
      "geometry": {
        "type": "Point",
        "coordinates": [-92.2412109375, 38.95940879245423]
      }
    },
    {
      "type": "Feature",
      "properties": {},
      "geometry": {
        "type": "Point",
        "coordinates": [-83.5400390625, 33.87041555094183]
      }
    },
    {
      "type": "Feature",
      "properties": {},
      "geometry": {
        "type": "Point",
        "coordinates": [-103.4912109375, 31.16580958786196]
      }
    }
  ]
}